[
  {
    "baseType": 3,
    "name": "groupName",
    "defaultValue": "",
    "description": "",
    "helpText": "Comma separated list of groups (case sensitive).\n\nDO NOT PUT A SPACE AFTER THE COMMA!",
    "isSystem": false,
    "minLength": 0,
    "maxLength": 300,
    "validationRegex": "",
    "isValidate": false,
    "uuid": "c77adca3-855e-46a1-8abc-b2c518cb9c45"
  },
  {
    "baseType": 3,
    "name": "Notice",
    "defaultValue": "You are receiving this notice because a Group you supervise in xMatters is incomplete. Please take some time to review and complete.",
    "description": "",
    "helpText": "",
    "isSystem": false,
    "minLength": 0,
    "maxLength": 300,
    "validationRegex": "",
    "isValidate": false,
    "uuid": "e09c5377-502e-4cb1-a64c-c5e5d799ef50"
  }
]