{
  "integrations": [
    {
      "id": "c6223948-7d57-42d7-88c7-0ba07a152461",
      "name": "Start event - Event Status Updates",
      "action": "RUN_SCRIPT",
      "type": "OUTBOUND_WEBHOOK",
      "triggeredBy": "STATUS",
      "deployed": true,
      "form": "4de069b3-b5bc-441a-a5ec-9cf5396c4fac",
      "environment": "HOSTED",
      "authType": "NONE",
      "createdBy": "FLOW"
    },
    {
      "id": "b09ea111-cdab-4610-ba19-9ccfbfd25aba",
      "name": "Start event - Trigger notify for incomplete group",
      "action": "RUN_SCRIPT",
      "type": "INBOUND_WEBHOOK",
      "deployed": true,
      "form": "4de069b3-b5bc-441a-a5ec-9cf5396c4fac",
      "environment": "HOSTED",
      "authType": "URL",
      "createdBy": "FLOW",
      "integrationScriptStepUuid": "63c81feb-5ea2-4953-b21f-a3589cf7b731"
    }
  ],
  "endpoints": [],
  "constants": []
}