[
  {
    "id": "df02a706-e67f-4b40-a26a-e8a2f8fe98e3",
    "name": "Get a Group",
    "description": "",
    "icon": "http://s3-xmatters-static.s3.amazonaws.com/null/customers/99cee7bb-651f-4a52-b7fe-3a9af00d22f9/IMAGE__20190416201112495__(x)RGB-150-ppi.png",
    "script": "\nvar apiRequest = http.request({\n    'endpoint': 'xMatters',\n    'path': '/api/xm/1/groups/' + input['groupID'],\n    'method': 'GET'\n});\n\nvar apiResponse = apiRequest.write();\n\noutput['statusCode'] = apiResponse.statusCode;    \n\nif (apiResponse.statusCode == 200) {\n\n    var response = JSON.parse(apiResponse.body);\n    output['id']                = response.id;\n    output['targetName']        = response.targetName;\n    output['status']            = response.status;\n    output['externallyOwned']   = response.externallyOwned;\n    output['allowDuplicates']   = response.allowDuplicates;\n    output['useDefaultDevices'] = response.useDefaultDevices;\n    output['observedByAll']     = response.observedByAll;\n    output['description']       = response.description;\n    \n   if (typeof response.site !== 'undefined') {\n     output['siteID'] = response.site.id;\n   }\n}",
    "endpointLabel": "xMatters",
    "allowedEnvironment": "HOSTED",
    "accessibleByAll": "NotShared",
    "scriptStepType": "USER",
    "inputs": [
      {
        "id": "4e4717a3-9e49-4c94-a77b-0257f9ef755d",
        "name": "groupID",
        "helpText": "The unique identifier (id) or name (targetName) of the group. If you use the name to identify the group, it must be URL-encoded. Example: Oracle%20Administrators Example: 438e9245-b32d-445f-916bd3e07932c892",
        "defaultValue": "",
        "multiline": false,
        "required": true,
        "validationRegex": "",
        "maxLength": 2000,
        "minLength": 0,
        "position": 0
      }
    ],
    "outputs": [
      {
        "id": "103c2808-2f48-48e4-ba27-9f695fd7259e",
        "name": "id",
        "description": "",
        "position": 0
      },
      {
        "id": "3f53076c-98f5-4538-b5e1-968bc2f26147",
        "name": "targetName",
        "description": "",
        "position": 1
      },
      {
        "id": "0e08aade-d332-4aff-8f03-141d2f58bd8c",
        "name": "status",
        "description": "",
        "position": 2
      },
      {
        "id": "877904fa-5d40-4695-9d7f-eadab72abe4a",
        "name": "externallyOwned",
        "description": "",
        "position": 3
      },
      {
        "id": "e8f1c479-8254-47a1-8c29-904f27b5a053",
        "name": "allowDuplicates",
        "description": "",
        "position": 4
      },
      {
        "id": "ad718ab3-1415-4d9f-9f3b-b634f7a54059",
        "name": "useDefaultDevices",
        "description": "",
        "position": 5
      },
      {
        "id": "f559a4e9-a7e1-4ef4-9240-7eb554ce8429",
        "name": "observedByAll",
        "description": "",
        "position": 6
      },
      {
        "id": "456e6693-40fb-4c17-a00b-c1bfd6c420c4",
        "name": "description",
        "description": "",
        "position": 7
      },
      {
        "id": "e2c7d905-84bd-4537-b153-b62952c91049",
        "name": "site",
        "description": "",
        "position": 8
      },
      {
        "id": "d7f77150-88ba-44e8-aed6-7ec22a1bba8c",
        "name": "statusCode",
        "description": "",
        "position": 9
      }
    ],
    "libraries": []
  },
  {
    "id": "9bc0c60e-698a-418f-9561-fbae4694c53c",
    "name": "Get a Groups Supervisors - xMatters Rest API Flow Steps-ORIGINAL",
    "description": "Adds loop to get all group supervisors",
    "icon": "http://s3-xmatters-static.s3.amazonaws.com/null/customers/8d580702-986e-4de3-873d-3a75b8073b42/IMAGE__20190509202204028__xmatters.png",
    "script": "var apiRequest = http.request({\r\n    'endpoint': 'xMatters',\r\n    'path': '/api/xm/1/groups/' + input['groupID'] + '/supervisors',\r\n    'method': 'GET'\r\n});\r\nvar apiResponse = apiRequest.write();\r\n console.log (\"Response is:\"           +apiResponse.statusCode  );\r\n\r\noutput['statusCode'] = apiResponse.statusCode;   \r\n\r\n\r\nvar response = JSON.parse(apiResponse.body);\r\noutput['count'] = response.count;\r\noutput['total'] = response.total;\r\n\r\nconsole.log (\"Sup count is:\"      + response.count  );   \r\nif (apiResponse.statusCode == 200) {\r\n\r\nif \t(response.count > 0 ) {\r\nvar sups = '';\r\nfor (i = 0; i <response.count; i++) {    //loop for supervisors in that group\r\n    console.log(i);\r\n\t\r\nsups  +=  response.data[i].targetName + \",\";\r\n console.log (\"Group Sup is:\" + sups);\r\n\r\n}\r\n\t\r\n}\t\r\nsupers = sups.slice(0, -1);\r\n//    output['self'] = response.links.self;\r\n//   output['next'] = response.links.next;\r\n     console.log (\"Group Sups are:\" + supers);\r\n    output['groupSupervisors'] = supers;\r\n   \r\n}",
    "endpointLabel": "xMatters",
    "allowedEnvironment": "HOSTED",
    "accessibleByAll": "NotShared",
    "scriptStepType": "USER",
    "inputs": [
      {
        "id": "285293c9-f780-4e89-8936-18a3a6527ff3",
        "name": "groupID",
        "helpText": "The unique identifier (id) or name (targetName) of the group.",
        "defaultValue": "",
        "multiline": false,
        "required": false,
        "validationRegex": "",
        "maxLength": 2000,
        "minLength": 0,
        "position": 0
      }
    ],
    "outputs": [
      {
        "id": "9ce16f17-c6dd-41d7-be70-452fbd4433b3",
        "name": "statusCode",
        "description": "",
        "position": 0
      },
      {
        "id": "1c88d1b0-65fd-4169-b3a9-0f464a440e30",
        "name": "groupSupervisors",
        "description": "",
        "position": 1
      },
      {
        "id": "933595f3-5e8e-4b9b-89a2-7b8dd9a7da7c",
        "name": "count",
        "description": "",
        "position": 2
      },
      {
        "id": "eaa3f839-20f5-4f0e-ac07-1bbf8d54b72c",
        "name": "total",
        "description": "",
        "position": 3
      },
      {
        "id": "537fbdd0-afc9-481a-87d7-27dc243b13dc",
        "name": "self",
        "description": "",
        "position": 4
      },
      {
        "id": "779f1a69-6bed-489d-b803-b1dd799e2d9d",
        "name": "next",
        "description": "",
        "position": 5
      }
    ],
    "libraries": []
  },
  {
    "id": "1828644d-371b-48af-bb23-ea36e441f1f2",
    "name": "Get a List of Groups - Loop through",
    "description": "Get a list of groups and loop through",
    "icon": "http://s3-xmatters-static.s3.amazonaws.com/null/customers/8d580702-986e-4de3-873d-3a75b8073b42/IMAGE__20190509202204028__xmatters.png",
    "script": "\r\n// input groups comma separated\r\nvar groupList = input['groupID'];\r\nconsole.log (\"Original group list:\" + groupList);\r\n\r\n// splits the comma separated list of groups into array\r\n\r\nvar str = groupList.replace(/, /g, \",\");\r\nconsole.log (\"Group list after replace\" +str);\r\nvar GroupArray = str.split(\",\");\r\nvar GroupCount = GroupArray.length;\r\nconsole.log(\"Group count:\" + GroupCount);\r\n//var ResultText = \"\";\r\n//var GapCount = 0;\r\n\r\nfor (k = 0; k < GroupCount; k++) {   // loop for the number of groups\r\n\r\n\r\nconsole.log(\"Group= \" + GroupArray[k]);\r\nconsole.log(\"Encoded Group= \" + encodeURIComponent(GroupArray[k]));\r\n\r\n\r\n// Send each group to the trigger\r\n\r\nvar trigger = JSON.stringify({\r\n\r\n\"groupID\": encodeURIComponent(GroupArray[k])\r\n\r\n});\r\n\r\nconsole.log( 'Response payload: ' + JSON.stringify( trigger ) );\r\n\r\n\r\nvar req = http.request({\r\nmethod: 'POST',\r\nendpoint: 'xMatters',\r\npath: '/api/integration/1/functions/b09ea111-cdab-4610-ba19-9ccfbfd25aba/triggers?apiKey=d9ab7e4b-e452-4cf4-9d8b-5c737d58493e',\r\nheaders: {\r\n'Content-Type': 'application/json'\r\n}\r\n});\r\n\r\nreq.write(trigger);\r\n\r\n}",
    "endpointLabel": "xMatters",
    "allowedEnvironment": "HOSTED",
    "accessibleByAll": "NotShared",
    "scriptStepType": "USER",
    "inputs": [
      {
        "id": "a3fbda2b-ff02-4d36-9890-62bf7e55b93b",
        "name": "groupID",
        "helpText": "The unique identifier (id) or name (targetName) of the group. If you use the name to identify the group, it must be URL-encoded. Example: Oracle%20Administrators Example: 438e9245-b32d-445f-916bd3e07932c892",
        "defaultValue": "",
        "multiline": false,
        "required": true,
        "validationRegex": "",
        "maxLength": 2000,
        "minLength": 0,
        "position": 0
      }
    ],
    "outputs": [
      {
        "id": "f610d776-bca4-4cdb-a1b1-efa5b10e8502",
        "name": "id",
        "description": "",
        "position": 0
      },
      {
        "id": "d82704dc-0b55-43b5-9b7b-9dc3e14fdd48",
        "name": "targetName",
        "description": "",
        "position": 1
      },
      {
        "id": "fa9d086d-9a90-465e-bfef-fa66a0d08b42",
        "name": "status",
        "description": "",
        "position": 2
      },
      {
        "id": "63209429-1008-437a-b120-05efa58079c4",
        "name": "externallyOwned",
        "description": "",
        "position": 3
      },
      {
        "id": "b5515c93-8cf5-483a-aeae-6844d4e65601",
        "name": "allowDuplicates",
        "description": "",
        "position": 4
      },
      {
        "id": "84f9d155-e1a3-4c8b-909d-4b1d2b6f66e4",
        "name": "useDefaultDevices",
        "description": "",
        "position": 5
      },
      {
        "id": "4651fd1d-f998-43d3-a9e2-5a67f6454bdb",
        "name": "observedByAll",
        "description": "",
        "position": 6
      },
      {
        "id": "5c6c90ab-d266-4f74-a809-282d7cf803d6",
        "name": "description",
        "description": "",
        "position": 7
      },
      {
        "id": "52bed1fd-93f3-46f0-b2fb-e1025579cf89",
        "name": "site",
        "description": "",
        "position": 8
      },
      {
        "id": "fa432f2e-5f5a-4b3a-a09b-01b1ba19c49e",
        "name": "statusCode",
        "description": "",
        "position": 9
      }
    ],
    "libraries": []
  },
  {
    "id": "67ad3088-24f1-4ad1-9777-abc69a72aba7",
    "name": "Get the Group Roster - xMatters Rest API Flow Steps-ORIGNIAL",
    "description": "",
    "icon": "http://s3-xmatters-static.s3.amazonaws.com/null/customers/8d580702-986e-4de3-873d-3a75b8073b42/IMAGE__20190509202204028__xmatters.png",
    "script": "var apiRequest = http.request({\n    'endpoint': 'xMatters',\n    'path': '/api/xm/1/groups/' + input['groupID'] + '/members?embed=shifts',\n    'method': 'GET'\n});\nvar apiResponse = apiRequest.write();\n\noutput['statusCode'] = apiResponse.statusCode;   \n\nif (apiResponse.statusCode == 200) {\n    \n    var response = JSON.parse(apiResponse.body);\n    output['count'] = response.count;\n    output['total'] = response.total;\n    output['self'] = response.links.self;\n    output['next'] = response.links.next;\n    \n    output['groupRoster'] = response.data;\n}",
    "endpointLabel": "xMatters",
    "allowedEnvironment": "HOSTED",
    "accessibleByAll": "NotShared",
    "scriptStepType": "PLAN",
    "inputs": [
      {
        "id": "dd0c1722-7f03-447e-9cf0-618a0503f567",
        "name": "groupID",
        "helpText": "The unique identifier (id) or name (targetName) of the group.",
        "defaultValue": "",
        "multiline": false,
        "required": true,
        "validationRegex": "",
        "maxLength": 2000,
        "minLength": 0,
        "position": 0
      }
    ],
    "outputs": [
      {
        "id": "3f1afda0-51c6-4499-a17b-0a5b798664b6",
        "name": "statusCode",
        "description": "",
        "position": 0
      },
      {
        "id": "a9aa84b3-b454-4b67-8135-2862b89bc66b",
        "name": "count",
        "description": "",
        "position": 1
      },
      {
        "id": "a142670f-62a7-45c4-8e3c-b2eca94ac023",
        "name": "total",
        "description": "",
        "position": 2
      },
      {
        "id": "43f9b58c-6171-4df2-855f-23b4f1f77b00",
        "name": "groupRoster",
        "description": "",
        "position": 3
      },
      {
        "id": "710507f8-e67f-4b69-b53b-dca379b90fbe",
        "name": "self",
        "description": "",
        "position": 4
      },
      {
        "id": "e1b2152c-3cc3-47be-9e44-89f04d616f86",
        "name": "next",
        "description": "",
        "position": 5
      }
    ],
    "libraries": []
  },
  {
    "id": "63c81feb-5ea2-4953-b21f-a3589cf7b731",
    "name": "Trigger notify for incomplete group",
    "description": "Trigger notify for incomplete group",
    "icon": "/static/images/script_steps/http-trigger.png",
    "script": "/******************************************************************************\n* Custom HTTP Triggers\n*\n* Using an HTTP trigger lets you start a flow with a simple HTTP call.\n*\n* Each HTTP trigger is authenticated independently, which allows you to use it\n* without storing the login credentials of your xMatters account in an\n* external system.\n*\n* When you create a new HTTP trigger, the script only brings what is included in the payload.\n* This means properties from the form are not available as outputs. You need to map properties\n* from the request to the trigger outputs to use these properties in steps in your flow.\n*\n* The following sample code shows how to parse the payload from an incoming HTTP\n* request, then extract information from the payload and map it to outputs.\n* You can use it as a template and then customize it to work with your integration.\n*\n* For help creating HTTP triggers, see https://help.xmatters.com/ondemand/#cshid=FlowTriggersHTTP\n*/\n \n/**\n* Parse incoming data\n*\n* Typically, data is passed into an HTTP trigger as XML or JSON in the request\n* body, but you can represent the data in another format or include it as a query\n* parameter appended to the URL.\n*\n* The script's built-in request object enables you to access elements of the\n* request, including the payload contained in the request body and any URL\n* parameters. The following code snippets show how to retrieve these values.\n* Choose the option that matches how your system includes data in the request to\n* the HTTP trigger.\n*/\n//var payload = JSON.parse(request.body);  //Use this if the payload is a JSON object in the request body\n//var payload = JXON.parse(request.body);  //Use this if the payload is XML in the request body\n//var payload = request.parameters;        //Use this if the payload is in a query parameter\n \n/******************************************************************************\n* This example shows how to read a ticket number and summary from an incoming JSON\n* payload and map the information to the Ticket ID and Ticket Title outputs of the trigger.\n*\n* The ticket number and summary are passed to the HTTP trigger as a JSON object in the\n* request body.\n*\n* To run this example, uncomment the sample code and run the provided cURL command\n* to target the trigger, including ticket number and summary values in the JSON payload.\n* (Replace 'username' with your user name and the provided URL with the\n* URL from the HTTP trigger's Settings tab.)\n*\n* curl -H \"Content-Type: application/json\" -- user username -X POST -d\n* '{\n*    \"ticket number\" : \"1072128190001\",\n*    \"summary\": \"Web App registration is down\"\n* }' \"https://acmeco.xmatters.com/api/integrations/1/functions/1dc...fe0/triggers\"\n******************************************************************************/\n \n/**\n* Parse the request body (which contains a JSON object) and extract the payload data.\n*/\nvar payload = JSON.parse(request.body);\noutput.groupID = payload.groupID;\n//output['Ticket ID'] = payload['ticket number'];\n \n/**\n* Logging\n* To write messages to the Activity Stream, use console.log().\n*/\nconsole.log('Group id' + output.groupID);",
    "allowedEnvironment": "HOSTED",
    "accessibleByAll": "NotShared",
    "triggerAuthType": "URL_AUTH",
    "scriptStepType": "CUSTOM_HTTP",
    "inputs": [],
    "outputs": [
      {
        "id": "b36aa4ec-ae3c-46fa-ad5a-43ffccfbf3f4",
        "name": "groupID",
        "position": 0
      }
    ],
    "libraries": []
  }
]