{
  "name": "Start event",
  "form": "4de069b3-b5bc-441a-a5ec-9cf5396c4fac",
  "blocks": [
    {
      "id": "1cc128df-30b4-4a88-87ce-39fdd7ba0e5c",
      "label": "Created",
      "environment": "HOSTED",
      "presentation": "{\"w\":60,\"x\":-859,\"h\":60,\"y\":-254}",
      "stepType": "SWITCH",
      "inputMappings": [
        {
          "inputPort": "input",
          "mapping": "${triggerOutputSTATUS.statusChanged.auditType}"
        }
      ],
      "switchCases": [
        {
          "caseId": "9b90e4a8-76db-4fc4-b07a-d091cc3fca03",
          "caseValue": "EVENT_CREATED"
        }
      ]
    },
    {
      "id": "249210d9-09ff-4957-a1a7-38eb5ed8f2e2",
      "endpoint": "xMatters",
      "label": "Get a Group",
      "environment": "HOSTED",
      "presentation": "{\"w\":60,\"x\":-731,\"h\":60,\"y\":-508}",
      "step": "df02a706-e67f-4b40-a26a-e8a2f8fe98e3",
      "stepType": "SCRIPT_STEP",
      "inputMappings": [
        {
          "inputPort": "input",
          "mapping": "${11664f43-8082-47af-9fa5-7f8d61a0f449.groupID}",
          "stepInput": "4e4717a3-9e49-4c94-a77b-0257f9ef755d"
        }
      ]
    },
    {
      "id": "1dbf3b65-a4fe-4a29-a70b-987983a016f9",
      "endpoint": "xMatters",
      "label": "Get a Groups Supervisors",
      "environment": "HOSTED",
      "presentation": "{\"w\":60,\"x\":-227,\"h\":60,\"y\":-291}",
      "step": "9bc0c60e-698a-418f-9561-fbae4694c53c",
      "stepType": "SCRIPT_STEP",
      "inputMappings": [
        {
          "inputPort": "input",
          "mapping": "${11664f43-8082-47af-9fa5-7f8d61a0f449.groupID}",
          "stepInput": "285293c9-f780-4e89-8936-18a3a6527ff3"
        }
      ]
    },
    {
      "id": "820bbb54-8fca-4f0a-adab-b564b59b1520",
      "endpoint": "xMatters",
      "label": "Get a List of Groups - Loop through",
      "environment": "HOSTED",
      "presentation": "{\"w\":60,\"x\":-634,\"h\":60,\"y\":-120}",
      "step": "1828644d-371b-48af-bb23-ea36e441f1f2",
      "stepType": "SCRIPT_STEP",
      "inputMappings": [
        {
          "inputPort": "input",
          "mapping": "${event.properties.groupName}",
          "stepInput": "a3fbda2b-ff02-4d36-9890-62bf7e55b93b"
        }
      ]
    },
    {
      "id": "1e106bb0-367d-4cf9-ae48-30cd500fbeaf",
      "endpoint": "xMatters",
      "label": "Get the Group Roster",
      "environment": "HOSTED",
      "presentation": "{\"w\":60,\"x\":-571,\"h\":60,\"y\":-420}",
      "step": "67ad3088-24f1-4ad1-9777-abc69a72aba7",
      "stepType": "SCRIPT_STEP",
      "inputMappings": [
        {
          "inputPort": "input",
          "mapping": "${249210d9-09ff-4957-a1a7-38eb5ed8f2e2.id}",
          "stepInput": "dd0c1722-7f03-447e-9cf0-618a0503f567"
        }
      ]
    },
    {
      "id": "39bd0e27-e56e-47a3-944d-89a364e92bb0",
      "label": "Roster count",
      "environment": "HOSTED",
      "presentation": "{\"w\":60,\"x\":-382,\"h\":60,\"y\":-428}",
      "stepType": "SWITCH",
      "inputMappings": [
        {
          "inputPort": "input",
          "mapping": "${1e106bb0-367d-4cf9-ae48-30cd500fbeaf.count}"
        }
      ],
      "switchCases": [
        {
          "caseId": "4d8af426-6ca7-412a-b67d-46570dd778c8",
          "caseValue": "0"
        }
      ]
    },
    {
      "id": "914b827b-3ede-4dbd-8fd5-51977ecb99e2",
      "label": "Start event - Event Status Updates",
      "environment": "HOSTED",
      "presentation": "{\"w\":60,\"x\":-1063,\"h\":60,\"y\":-269}",
      "step": "c6223948-7d57-42d7-88c7-0ba07a152461",
      "stepType": "INTEGRATION"
    },
    {
      "id": "11664f43-8082-47af-9fa5-7f8d61a0f449",
      "label": "Start event - Trigger notify for incomplete group",
      "environment": "HOSTED",
      "presentation": "{\"w\":60,\"x\":-867,\"h\":60,\"y\":-432}",
      "step": "b09ea111-cdab-4610-ba19-9ccfbfd25aba",
      "stepType": "INTEGRATION"
    },
    {
      "id": "06eb1d2d-6b98-4aa7-9331-f280359b25f1",
      "label": "xMatters Create Event - Notify supervisors",
      "environment": "HOSTED",
      "presentation": "{\"w\":60,\"x\":-80,\"h\":60,\"y\":-292}",
      "step": "df96c709-98c3-4406-9773-6372561b1208",
      "stepType": "CREATE_EVENT",
      "inputMappings": [
        {
          "inputPort": "input",
          "mapping": "You are receiving this notice because a Group you supervise in xMatters is incomplete. Please take some time to review and correct.",
          "sectionItemKey": "e09c5377-502e-4cb1-a64c-c5e5d799ef50"
        },
        {
          "inputPort": "input",
          "mapping": "${249210d9-09ff-4957-a1a7-38eb5ed8f2e2.targetName}",
          "sectionItemKey": "c77adca3-855e-46a1-8abc-b2c518cb9c45"
        },
        {
          "inputPort": "input",
          "mapping": "${1dbf3b65-a4fe-4a29-a70b-987983a016f9.groupSupervisors}",
          "sectionItemKey": "recipients"
        }
      ]
    }
  ],
  "edges": [
    {
      "fromBlock": "914b827b-3ede-4dbd-8fd5-51977ecb99e2",
      "fromPort": "output",
      "toBlock": "1cc128df-30b4-4a88-87ce-39fdd7ba0e5c",
      "toPort": "input"
    },
    {
      "fromBlock": "11664f43-8082-47af-9fa5-7f8d61a0f449",
      "fromPort": "output",
      "toBlock": "249210d9-09ff-4957-a1a7-38eb5ed8f2e2",
      "toPort": "input"
    },
    {
      "fromBlock": "1cc128df-30b4-4a88-87ce-39fdd7ba0e5c",
      "fromPort": "9b90e4a8-76db-4fc4-b07a-d091cc3fca03",
      "toBlock": "820bbb54-8fca-4f0a-adab-b564b59b1520",
      "toPort": "input"
    },
    {
      "fromBlock": "1dbf3b65-a4fe-4a29-a70b-987983a016f9",
      "fromPort": "output",
      "toBlock": "06eb1d2d-6b98-4aa7-9331-f280359b25f1",
      "toPort": "input"
    },
    {
      "fromBlock": "1e106bb0-367d-4cf9-ae48-30cd500fbeaf",
      "fromPort": "output",
      "toBlock": "39bd0e27-e56e-47a3-944d-89a364e92bb0",
      "toPort": "input"
    },
    {
      "fromBlock": "249210d9-09ff-4957-a1a7-38eb5ed8f2e2",
      "fromPort": "output",
      "toBlock": "1e106bb0-367d-4cf9-ae48-30cd500fbeaf",
      "toPort": "input"
    },
    {
      "fromBlock": "39bd0e27-e56e-47a3-944d-89a364e92bb0",
      "fromPort": "4d8af426-6ca7-412a-b67d-46570dd778c8",
      "toBlock": "1dbf3b65-a4fe-4a29-a70b-987983a016f9",
      "toPort": "input"
    }
  ]
}